Date,Code,O,H,L,C,UL,LL,Vo,Va,AdjFactor,AdjO,AdjH,AdjL,AdjC,AdjVo,MktCap,ExRT
2025-06-30,72030,2535.0,2538.0,2490.0,2493.0,0,0,29284500.0,73472080850.0,1.0,2535.0,2538.0,2490.0,2493.0,29284500.0,39376904.0,
2025-07-01,72030,2490.0,2493.0,2447.5,2453.0,0,0,24298200.0,59762728750.0,1.0,2490.0,2493.0,2447.5,2453.0,24298200.0,38745104.0,
2025-07-02,72030,2450.0,2480.5,2443.0,2465.5,0,0,24281200.0,59753640700.0,1.0,2450.0,2480.5,2443.0,2465.5,24281200.0,38942542.0,
2025-07-03,72030,2465.5,2540.0,2448.5,2511.5,0,0,34098600.0,85457962100.0,1.0,2465.5,2540.0,2448.5,2511.5,34098600.0,39669111.0,
2025-07-04,72030,2524.0,2529.5,2479.0,2484.5,0,0,19876900.0,49579723800.0,1.0,2524.0,2529.5,2479.0,2484.5,19876900.0,39242646.0,
2025-07-07,72030,2500.0,2502.0,2442.0,2453.5,0,0,20788700.0,51132799250.0,1.0,2500.0,2502.0,2442.0,2453.5,20788700.0,38753002.0,
2025-07-08,72030,2456.0,2486.0,2451.5,2465.0,0,0,32336400.0,79770483350.0,1.0,2456.0,2486.0,2451.5,2465.0,32336400.0,38934644.0,
2025-07-09,72030,2499.0,2533.5,2478.5,2487.5,0,0,31320400.0,78192124150.0,1.0,2499.0,2533.5,2478.5,2487.5,31320400.0,39290031.0,
2025-07-10,72030,2479.0,2482.5,2463.0,2473.5,0,0,26257000.0,64916612700.0,1.0,2479.0,2482.5,2463.0,2473.5,26257000.0,39068901.0,
2025-07-11,72030,2501.5,2524.5,2477.0,2508.0,0,0,25922800.0,64938273650.0,1.0,2501.5,2524.5,2477.0,2508.0,25922800.0,39613829.0,
2025-07-14,72030,2512.0,2543.5,2509.0,2531.5,0,0,16698800.0,42228001300.0,1.0,2512.0,2543.5,2509.0,2531.5,16698800.0,39985011.0,
2025-07-15,72030,2550.0,2563.0,2520.5,2532.0,0,0,21037000.0,53412323500.0,1.0,2550.0,2563.0,2520.5,2532.0,21037000.0,39992908.0,
2025-07-16,72030,2547.5,2547.5,2505.0,2509.5,0,0,17977300.0,45229954500.0,1.0,2547.5,2547.5,2505.0,2509.5,17977300.0,39637521.0,
2025-07-17,72030,2500.0,2520.5,2495.5,2520.5,0,0,16570200.0,41580704950.0,1.0,2500.0,2520.5,2495.5,2520.5,16570200.0,39811266.0,
2025-07-18,72030,2528.0,2528.5,2501.0,2516.0,0,0,12975500.0,32603811100.0,1.0,2528.0,2528.5,2501.0,2516.0,12975500.0,39740188.0,
2025-07-22,72030,2496.5,2518.5,2471.0,2496.5,0,0,22144000.0,55170983850.0,1.0,2496.5,2518.5,2471.0,2496.5,22144000.0,39432186.0,
2025-07-23,72030,2660.0,2905.0,2636.0,2854.5,0,0,184109600.0,516374179800.0,1.0,2660.0,2905.0,2636.0,2854.5,184109600.0,45086792.0,
2025-07-24,72030,2850.0,2897.5,2823.5,2844.5,0,0,76238500.0,218002615600.0,1.0,2850.0,2897.5,2823.5,2844.5,76238500.0,44928842.0,
2025-07-25,72030,2816.0,2830.0,2768.0,2787.0,0,0,36978000.0,103339740000.0,1.0,2816.0,2830.0,2768.0,2787.0,36978000.0,44020630.0,
2025-07-28,72030,2809.0,2818.5,2780.0,2805.0,0,0,28105100.0,78689982250.0,1.0,2809.0,2818.5,2780.0,2805.0,28105100.0,44304940.0,
2025-07-29,72030,2780.0,2783.5,2729.0,2741.5,0,0,24229100.0,66596422100.0,1.0,2780.0,2783.5,2729.0,2741.5,24229100.0,43301958.0,
2025-07-30,72030,2740.0,2756.5,2707.5,2743.5,0,0,22891900.0,62578762850.0,1.0,2740.0,2756.5,2707.5,2743.5,22891900.0,43333548.0,
2025-07-31,72030,2750.0,2756.5,2694.0,2696.5,0,0,31733900.0,86103669300.0,1.0,2750.0,2756.5,2694.0,2696.5,31733900.0,42591184.0,
2025-08-01,72030,2715.0,2745.0,2704.0,2724.5,0,0,28121900.0,76687739700.0,1.0,2715.0,2745.0,2704.0,2724.5,28121900.0,43033443.0,
2025-08-04,72030,2642.0,2685.0,2640.5,2675.0,0,0,24277700.0,64785497550.0,1.0,2642.0,2685.0,2640.5,2675.0,24277700.0,42251591.0,
2025-08-05,72030,2671.5,2701.0,2654.0,2679.0,0,0,19623500.0,52574630900.0,1.0,2671.5,2701.0,2654.0,2679.0,19623500.0,42314771.0,
2025-08-06,72030,2705.0,2750.5,2699.0,2721.0,0,0,24559800.0,67085611850.0,1.0,2705.0,2750.5,2699.0,2721.0,24559800.0,42978161.0,
2025-08-07,72030,2723.0,2741.0,2655.5,2680.0,0,0,55966800.0,151372757850.0,1.0,2723.0,2741.0,2655.5,2680.0,55966800.0,42330566.0,
2025-08-08,72030,2699.5,2804.5,2686.5,2773.0,0,0,52683900.0,145383634050.0,1.0,2699.5,2804.5,2686.5,2773.0,52683900.0,43799500.0,
2025-08-12,72030,2802.0,2868.0,2791.0,2855.0,0,0,41157800.0,116844158500.0,1.0,2802.0,2868.0,2791.0,2855.0,41157800.0,45094689.0,
2025-08-13,72030,2899.5,2926.0,2865.0,2875.0,0,0,35352300.0,102099610650.0,1.0,2899.5,2926.0,2865.0,2875.0,35352300.0,45410589.0,
2025-08-14,72030,2850.0,2856.0,2805.0,2805.0,0,0,21262700.0,59944718700.0,1.0,2850.0,2856.0,2805.0,2805.0,21262700.0,44304940.0,
2025-08-15,72030,2855.0,2866.0,2841.0,2854.0,0,0,20036900.0,57149349450.0,1.0,2855.0,2866.0,2841.0,2854.0,20036900.0,45078894.0,
2025-08-18,72030,2864.0,2905.0,2858.0,2903.0,0,0,22691000.0,65706983300.0,1.0,2864.0,2905.0,2858.0,2903.0,22691000.0,45852849.0,
2025-08-19,72030,2942.0,2978.0,2911.5,2925.0,0,0,28833900.0,84679709750.0,1.0,2942.0,2978.0,2911.5,2925.0,28833900.0,46200338.0,
2025-08-20,72030,2940.0,2982.0,2924.0,2937.0,0,0,22852700.0,67352438600.0,1.0,2940.0,2982.0,2924.0,2937.0,22852700.0,46389878.0,
2025-08-21,72030,2936.0,2937.0,2897.0,2904.0,0,0,15393500.0,44775957000.0,1.0,2936.0,2937.0,2897.0,2904.0,15393500.0,45868644.0,
2025-08-22,72030,2926.0,2943.0,2898.5,2943.0,0,0,17269600.0,50548953250.0,1.0,2926.0,2943.0,2898.5,2943.0,17269600.0,46484648.0,
2025-08-25,72030,2993.0,3010.0,2923.0,2940.0,0,0,19219100.0,56823403150.0,1.0,2993.0,3010.0,2923.0,2940.0,19219100.0,46437263.0,
2025-08-26,72030,2940.0,2953.5,2891.5,2898.5,0,0,24050800.0,69933100000.0,1.0,2940.0,2953.5,2891.5,2898.5,24050800.0,45781771.0,
2025-08-27,72030,2903.0,2911.5,2877.0,2904.5,0,0,15271700.0,44217410500.0,1.0,2903.0,2911.5,2877.0,2904.5,15271700.0,45876541.0,
2025-08-28,72030,2901.0,2925.0,2887.0,2919.0,0,0,21577200.0,62867334600.0,1.0,2901.0,2925.0,2887.0,2919.0,21577200.0,46105568.0,
2025-08-29,72030,2904.5,2911.0,2866.0,2873.0,0,0,22056600.0,63491339150.0,1.0,2904.5,2911.0,2866.0,2873.0,22056600.0,45378999.0,
2025-09-01,72030,2872.0,2886.0,2845.0,2858.5,0,0,14369100.0,41147084050.0,1.0,2872.0,2886.0,2845.0,2858.5,14369100.0,45149972.0,
2025-09-02,72030,2858.0,2882.0,2843.5,2869.0,0,0,16428500.0,47065276600.0,1.0,2858.0,2882.0,2843.5,2869.0,16428500.0,45315819.0,
2025-09-03,72030,2855.0,2877.0,2841.0,2851.5,0,0,22723600.0,64915309150.0,1.0,2855.0,2877.0,2841.0,2851.5,22723600.0,45039407.0,
2025-09-04,72030,2874.0,2915.0,2866.5,2905.0,0,0,20172300.0,58426349800.0,1.0,2874.0,2915.0,2866.5,2905.0,20172300.0,45884439.0,
2025-09-05,72030,3000.0,3006.0,2909.0,2962.5,0,0,39740400.0,117486001150.0,1.0,3000.0,3006.0,2909.0,2962.5,39740400.0,46792650.0,
2025-09-08,72030,2978.0,2979.0,2945.5,2970.0,0,0,20701300.0,61350541000.0,1.0,2978.0,2979.0,2945.5,2970.0,20701300.0,46911113.0,
2025-09-09,72030,2980.0,2988.0,2942.0,2949.0,0,0,20893100.0,61903369950.0,1.0,2980.0,2988.0,2942.0,2949.0,20893100.0,46579418.0,
2025-09-10,72030,2929.0,2930.0,2896.5,2913.5,0,0,21880400.0,63745472850.0,1.0,2929.0,2930.0,2896.5,2913.5,21880400.0,46018696.0,
2025-09-11,72030,2880.0,2886.5,2858.0,2886.5,0,0,23863900.0,68610090000.0,1.0,2880.0,2886.5,2858.0,2886.5,23863900.0,45592231.0,
2025-09-12,72030,2897.5,2904.5,2884.5,2889.0,0,0,22253600.0,64394229600.0,1.0,2897.5,2904.5,2884.5,2889.0,22253600.0,45631719.0,
2025-09-16,72030,2900.0,2944.0,2895.5,2934.5,0,0,22117100.0,64755932500.0,1.0,2900.0,2944.0,2895.5,2934.5,22117100.0,46350391.0,
2025-09-17,72030,2930.0,2954.5,2919.0,2950.5,0,0,18883400.0,55586997350.0,1.0,2930.0,2954.5,2919.0,2950.5,18883400.0,46603111.0,
2025-09-18,72030,2966.5,2972.0,2928.0,2940.5,0,0,20542800.0,60581792600.0,1.0,2966.5,2972.0,2928.0,2940.5,20542800.0,46445161.0,
2025-09-19,72030,2957.5,2985.0,2917.5,2923.0,0,0,39502900.0,116158895950.0,1.0,2957.5,2985.0,2917.5,2923.0,39502900.0,46168748.0,
2025-09-22,72030,2923.0,2974.5,2920.0,2964.0,0,0,18457400.0,54557222700.0,1.0,2923.0,2974.5,2920.0,2964.0,18457400.0,46816343.0,
2025-09-24,72030,2955.0,2956.0,2921.0,2929.5,0,0,21777500.0,63880754950.0,1.0,2955.0,2956.0,2921.0,2929.5,21777500.0,46271416.0,
2025-09-25,72030,2955.0,2966.0,2935.0,2961.5,0,0,19580500.0,57866727150.0,1.0,2955.0,2966.0,2935.0,2961.5,19580500.0,46776855.0,
2025-09-26,72030,2978.0,2999.5,2958.0,2969.5,0,0,32053900.0,95332397450.0,1.0,2978.0,2999.5,2958.0,2969.5,32053900.0,46903215.0,
2025-09-29,72030,2920.0,2924.0,2863.5,2870.0,0,0,24786300.0,71403722250.0,1.0,2920.0,2924.0,2863.5,2870.0,24786300.0,45331614.0,
2025-09-30,72030,2860.0,2860.0,2821.5,2849.5,0,0,22116900.0,62950730250.0,1.0,2860.0,2860.0,2821.5,2849.5,22116900.0,45007817.0,
2025-10-01,72030,2826.5,2833.0,2791.0,2821.5,0,0,26571700.0,74722184050.0,1.0,2826.5,2833.0,2791.0,2821.5,26571700.0,44565557.0,
2025-10-02,72030,2798.0,2832.0,2787.0,2805.0,0,0,22099300.0,62013857950.0,1.0,2798.0,2832.0,2787.0,2805.0,22099300.0,44304940.0,
2025-10-03,72030,2806.0,2840.0,2794.0,2839.5,0,0,14005700.0,39601603250.0,1.0,2806.0,2840.0,2794.0,2839.5,14005700.0,44849867.0,
2025-10-06,72030,3010.0,3022.0,2963.5,2974.0,0,0,45597700.0,136261252750.0,1.0,3010.0,3022.0,2963.5,2974.0,45597700.0,46974293.0,
2025-10-07,72030,3000.0,3035.0,2997.5,3023.0,0,0,31197700.0,94162493350.0,1.0,3000.0,3035.0,2997.5,3023.0,31197700.0,47748247.0,
2025-10-08,72030,3050.0,3075.0,3000.0,3009.0,0,0,31036900.0,94289746400.0,1.0,3050.0,3075.0,3000.0,3009.0,31036900.0,47527117.0,
2025-10-09,72030,3000.0,3002.0,2935.0,2947.5,0,0,28589800.0,84373503950.0,1.0,3000.0,3002.0,2935.0,2947.5,28589800.0,46555726.0,
2025-10-10,72030,2926.5,2939.5,2891.0,2898.5,0,0,25255700.0,73472166900.0,1.0,2926.5,2939.5,2891.0,2898.5,25255700.0,45781771.0,
2025-10-14,72030,2848.5,2898.0,2831.5,2871.5,0,0,24550500.0,70348305100.0,1.0,2848.5,2898.0,2831.5,2871.5,24550500.0,45355306.0,
2025-10-15,72030,2898.0,2919.5,2888.5,2913.5,0,0,18470700.0,53712834700.0,1.0,2898.0,2919.5,2888.5,2913.5,18470700.0,46018696.0,
2025-10-16,72030,2964.0,2979.5,2937.5,2954.5,0,0,19598500.0,58000398700.0,1.0,2964.0,2979.5,2937.5,2954.5,19598500.0,46666290.0,
2025-10-17,72030,2920.0,2960.5,2920.0,2933.5,0,0,14316900.0,42063213900.0,1.0,2920.0,2960.5,2920.0,2933.5,14316900.0,46334596.0,
2025-10-20,72030,2988.5,3003.0,2971.0,3003.0,0,0,20574600.0,61607025700.0,1.0,2988.5,3003.0,2971.0,3003.0,20574600.0,47432347.0,
2025-10-21,72030,3017.0,3021.0,2988.0,3005.0,0,0,16336700.0,49108202000.0,1.0,3017.0,3021.0,2988.0,3005.0,16336700.0,47463937.0,
2025-10-22,72030,3075.0,3162.0,3074.0,3104.0,0,0,49951100.0,155386238000.0,1.0,3075.0,3162.0,3074.0,3104.0,49951100.0,49027641.0,
2025-10-23,72030,3100.0,3112.0,3057.0,3091.0,0,0,18085400.0,55764856000.0,1.0,3100.0,3112.0,3057.0,3091.0,18085400.0,48822306.0,
2025-10-24,72030,3110.0,3136.0,3090.0,3127.0,0,0,18839800.0,58777970500.0,1.0,3110.0,3136.0,3090.0,3127.0,18839800.0,49390926.0,
2025-10-27,72030,3170.0,3218.0,3165.0,3218.0,0,0,24626500.0,78595775200.0,1.0,3170.0,3218.0,3165.0,3218.0,24626500.0,50828270.0,
2025-10-28,72030,3220.0,3221.0,3167.0,3171.0,0,0,19805700.0,63131006200.0,1.0,3220.0,3221.0,3167.0,3171.0,19805700.0,50085905.0,
2025-10-29,72030,3176.0,3182.0,3124.0,3146.0,0,0,20640200.0,65042215800.0,1.0,3176.0,3182.0,3124.0,3146.0,20640200.0,49691031.0,
2025-10-30,72030,3148.0,3190.0,3125.0,3185.0,0,0,23926200.0,75887566100.0,1.0,3148.0,3190.0,3125.0,3185.0,23926200.0,50307035.0,
2025-10-31,72030,3190.0,3198.0,3121.0,3138.0,0,0,25906600.0,81574104300.0,1.0,3190.0,3198.0,3121.0,3138.0,25906600.0,49564671.0,
2025-11-04,72030,3150.0,3205.0,3120.0,3155.0,0,0,26958800.0,85254185300.0,1.0,3150.0,3205.0,3120.0,3155.0,26958800.0,49833185.0,
2025-11-05,72030,3150.0,3151.0,2996.0,3040.0,0,0,56932600.0,174578403450.0,1.0,3150.0,3151.0,2996.0,3040.0,56932600.0,48016762.0,
2025-11-06,72030,3110.0,3182.0,3054.0,3139.0,0,0,32756900.0,102480159900.0,1.0,3110.0,3182.0,3054.0,3139.0,32756900.0,49580466.0,
2025-11-07,72030,3090.0,3128.0,3077.0,3118.0,0,0,17774800.0,55128649900.0,1.0,3090.0,3128.0,3077.0,3118.0,17774800.0,49248771.0,
2025-11-10,72030,3133.0,3134.0,3090.0,3131.0,0,0,19709600.0,61378366500.0,1.0,3133.0,3134.0,3090.0,3131.0,19709600.0,49454106.0,
2025-11-11,72030,3148.0,3177.0,3129.0,3147.0,0,0,17570500.0,55399400100.0,1.0,3148.0,3177.0,3129.0,3147.0,17570500.0,49706826.0,
2025-11-12,72030,3176.0,3214.0,3175.0,3190.0,0,0,20882100.0,66637727100.0,1.0,3176.0,3214.0,3175.0,3190.0,20882100.0,50386010.0,
2025-11-13,72030,3200.0,3215.0,3180.0,3198.0,0,0,16407400.0,52467656200.0,1.0,3200.0,3215.0,3180.0,3198.0,16407400.0,50512370.0,
2025-11-14,72030,3155.0,3180.0,3134.0,3180.0,0,0,17302600.0,54707514200.0,1.0,3155.0,3180.0,3134.0,3180.0,17302600.0,50228060.0,
2025-11-17,72030,3150.0,3164.0,3114.0,3119.0,0,0,15668000.0,48984640000.0,1.0,3150.0,3164.0,3114.0,3119.0,15668000.0,49264566.0,
2025-11-18,72030,3106.0,3114.0,3028.0,3029.0,0,0,21663600.0,66308444300.0,1.0,3106.0,3114.0,3028.0,3029.0,21663600.0,47843017.0,
2025-11-19,72030,3074.0,3075.0,3019.0,3037.0,0,0,15126800.0,46057535600.0,1.0,3074.0,3075.0,3019.0,3037.0,15126800.0,47969377.0,
2025-11-20,72030,3095.0,3103.0,3044.0,3044.0,0,0,17872000.0,54778760400.0,1.0,3095.0,3103.0,3044.0,3044.0,17872000.0,48079942.0,
2025-11-21,72030,3035.0,3120.0,3028.0,3097.0,0,0,31305500.0,96905385000.0,1.0,3035.0,3120.0,3028.0,3097.0,31305500.0,48917076.0,
2025-11-25,72030,3150.0,3150.0,3070.0,3077.0,0,0,17998000.0,55808847000.0,1.0,3150.0,3150.0,3070.0,3077.0,17998000.0,48601176.0,
2025-11-26,72030,3129.0,3158.0,3090.0,3141.0,0,0,20618800.0,64627522600.0,1.0,3129.0,3158.0,3090.0,3141.0,20618800.0,49612056.0,
2025-11-27,72030,3155.0,3165.0,3128.0,3138.0,0,0,11108400.0,34885800900.0,1.0,3155.0,3165.0,3128.0,3138.0,11108400.0,49564671.0,
2025-11-28,72030,3140.0,3140.0,3119.0,3133.0,0,0,13070100.0,40946447400.0,1.0,3140.0,3140.0,3119.0,3133.0,13070100.0,49485696.0,
2025-12-01,72030,3132.0,3133.0,3075.0,3082.0,0,0,13231700.0,40907346500.0,1.0,3132.0,3133.0,3075.0,3082.0,13231700.0,48680151.0,
2025-12-02,72030,3085.0,3090.0,3042.0,3045.0,0,0,17880100.0,54562097400.0,1.0,3085.0,3090.0,3042.0,3045.0,17880100.0,48095737.0,
2025-12-03,72030,3030.0,3040.0,2994.0,3005.0,0,0,16544800.0,49787042850.0,1.0,3030.0,3040.0,2994.0,3005.0,16544800.0,47463937.0,
2025-12-04,72030,3028.0,3107.0,3004.0,3103.0,0,0,21589300.0,66368376600.0,1.0,3028.0,3107.0,3004.0,3103.0,21589300.0,49011846.0,
2025-12-05,72030,3053.0,3067.0,3016.0,3032.0,0,0,21707900.0,65887202600.0,1.0,3053.0,3067.0,3016.0,3032.0,21707900.0,47890402.0,
2025-12-08,72030,3050.0,3060.0,3021.0,3060.0,0,0,15596600.0,47554514900.0,1.0,3050.0,3060.0,3021.0,3060.0,15596600.0,48332662.0,
2025-12-09,72030,3076.0,3083.0,3044.0,3066.0,0,0,15163400.0,46480099400.0,1.0,3076.0,3083.0,3044.0,3066.0,15163400.0,48427432.0,
2025-12-10,72030,3089.0,3137.0,3076.0,3116.0,0,0,20327700.0,63235727800.0,1.0,3089.0,3137.0,3076.0,3116.0,20327700.0,49217181.0,
2025-12-11,72030,3148.0,3160.0,3099.0,3110.0,0,0,14242200.0,44454901100.0,1.0,3148.0,3160.0,3099.0,3110.0,14242200.0,49122411.0,
2025-12-12,72030,3191.0,3272.0,3168.0,3260.0,0,0,42664200.0,137335157100.0,1.0,3191.0,3272.0,3168.0,3260.0,42664200.0,51491659.0,
2025-12-15,72030,3243.0,3358.0,3242.0,3350.0,0,0,31427000.0,104257960400.0,1.0,3243.0,3358.0,3242.0,3350.0,31427000.0,52913208.0,
2025-12-16,72030,3380.0,3394.0,3329.0,3330.0,0,0,28736000.0,96135054700.0,1.0,3380.0,3394.0,3329.0,3330.0,28736000.0,52597308.0,
2025-12-17,72030,3346.0,3356.0,3312.0,3349.0,0,0,20872500.0,69619144700.0,1.0,3346.0,3356.0,3312.0,3349.0,20872500.0,52897413.0,
2025-12-18,72030,3350.0,3384.0,3342.0,3363.0,0,0,19193200.0,64459756100.0,1.0,3350.0,3384.0,3342.0,3363.0,19193200.0,53118543.0,
2025-12-19,72030,3389.0,3439.0,3388.0,3424.0,0,0,37972600.0,129881451300.0,1.0,3389.0,3439.0,3388.0,3424.0,37972600.0,54082037.0,
2025-12-22,72030,3494.0,3495.0,3437.0,3455.0,0,0,17099900.0,59206862100.0,1.0,3494.0,3495.0,3437.0,3455.0,17099900.0,54571682.0,
2025-12-23,72030,3479.0,3479.0,3410.0,3415.0,0,0,17000600.0,58435121300.0,1.0,3479.0,3479.0,3410.0,3415.0,17000600.0,53939882.0,
2025-12-24,72030,3418.0,3420.0,3353.0,3353.0,0,0,12845800.0,43367797200.0,1.0,3418.0,3420.0,3353.0,3353.0,12845800.0,52960593.0,
2025-12-25,72030,3377.0,3383.0,3358.0,3374.0,0,0,7132300.0,24048401900.0,1.0,3377.0,3383.0,3358.0,3374.0,7132300.0,53292288.0,
2025-12-26,72030,3377.0,3397.0,3369.0,3380.0,0,0,10705500.0,36188274500.0,1.0,3377.0,3397.0,3369.0,3380.0,10705500.0,53387058.0,
2025-12-29,72030,3386.0,3386.0,3352.0,3364.0,0,0,12099700.0,40746356200.0,1.0,3386.0,3386.0,3352.0,3364.0,12099700.0,53134338.0,
2025-12-30,72030,3370.0,3387.0,3353.0,3356.0,0,0,12175900.0,40920943000.0,1.0,3370.0,3387.0,3353.0,3356.0,12175900.0,53007978.0,
2026-01-05,72030,3411.0,3455.0,3397.0,3399.0,0,0,18505900.0,63201616700.0,1.0,3411.0,3455.0,3397.0,3399.0,18505900.0,53687162.0,
2026-01-06,72030,3488.0,3504.0,3423.0,3429.0,0,0,21996200.0,76064552500.0,1.0,3488.0,3504.0,3423.0,3429.0,21996200.0,54161012.0,
2026-01-07,72030,3350.0,3360.0,3326.0,3335.0,0,0,21592100.0,72139496400.0,1.0,3350.0,3360.0,3326.0,3335.0,21592100.0,52676283.0,
2026-01-08,72030,3301.0,3328.0,3286.0,3294.0,0,0,18107700.0,59794779100.0,1.0,3301.0,3328.0,3286.0,3294.0,18107700.0,52028689.0,
2026-01-09,72030,3322.0,3404.0,3321.0,3388.0,0,0,24104300.0,81199556300.0,1.0,3322.0,3404.0,3321.0,3388.0,24104300.0,53513418.0,
2026-01-13,72030,3500.0,3641.0,3499.0,3641.0,0,0,50179500.0,179985278200.0,1.0,3500.0,3641.0,3499.0,3641.0,50179500.0,57509549.0,
2026-01-14,72030,3620.0,3645.0,3562.0,3622.0,0,0,26474500.0,95657824000.0,1.0,3620.0,3645.0,3562.0,3622.0,26474500.0,57209445.0,
2026-01-15,72030,3639.0,3764.0,3635.0,3714.0,0,0,35684100.0,132293975500.0,1.0,3639.0,3764.0,3635.0,3714.0,35684100.0,58662583.0,
2026-01-16,72030,3675.0,3742.0,3660.0,3670.0,0,0,20254500.0,74761490300.0,1.0,3675.0,3742.0,3660.0,3670.0,20254500.0,57967604.0,
2026-01-19,72030,3600.0,3623.0,3565.0,3623.0,0,0,17580700.0,63276314700.0,1.0,3600.0,3623.0,3565.0,3623.0,17580700.0,57225240.0,
2026-01-20,72030,3590.0,3594.0,3528.0,3541.0,0,0,20386000.0,72349917000.0,1.0,3590.0,3594.0,3528.0,3541.0,20386000.0,55930051.0,
2026-01-21,72030,3506.0,3559.0,3491.0,3552.0,0,0,16952900.0,59811427400.0,1.0,3506.0,3559.0,3491.0,3552.0,16952900.0,56103795.0,
2026-01-22,72030,3630.0,3639.0,3570.0,3584.0,0,0,17423300.0,62601101600.0,1.0,3630.0,3639.0,3570.0,3584.0,17423300.0,56609235.0,
2026-01-23,72030,3635.0,3651.0,3587.0,3624.0,0,0,21187900.0,76687907200.0,1.0,3635.0,3651.0,3587.0,3624.0,21187900.0,57241035.0,
2026-01-26,72030,3500.0,3521.0,3460.0,3477.0,0,0,28379900.0,99009223300.0,1.0,3500.0,3521.0,3460.0,3477.0,28379900.0,54919171.0,
2026-01-27,72030,3496.0,3498.0,3436.0,3459.0,0,0,18214200.0,63013835100.0,1.0,3496.0,3498.0,3436.0,3459.0,18214200.0,54634862.0,
2026-01-28,72030,3368.0,3381.0,3341.0,3347.0,0,0,23115000.0,77492023100.0,1.0,3368.0,3381.0,3341.0,3347.0,23115000.0,52865823.0,
2026-01-29,72030,3369.0,3470.0,3346.0,3448.0,0,0,24456700.0,83632351400.0,1.0,3369.0,3470.0,3346.0,3448.0,24456700.0,54461117.0,
2026-01-30,72030,3456.0,3530.0,3452.0,3504.0,0,0,23842000.0,83381907100.0,1.0,3456.0,3530.0,3452.0,3504.0,23842000.0,55345636.0,
2026-02-02,72030,3600.0,3627.0,3516.0,3535.0,0,0,22997000.0,82009150100.0,1.0,3600.0,3627.0,3516.0,3535.0,22997000.0,55835281.0,
2026-02-03,72030,3621.0,3622.0,3573.0,3594.0,0,0,20936000.0,75330717300.0,1.0,3621.0,3622.0,3573.0,3594.0,20936000.0,56767185.0,
2026-02-04,72030,3656.0,3743.0,3629.0,3725.0,0,0,28520900.0,105667217700.0,1.0,3656.0,3743.0,3629.0,3725.0,28520900.0,58836328.0,
2026-02-05,72030,3800.0,3813.0,3694.0,3706.0,0,0,32411800.0,121516400600.0,1.0,3800.0,3813.0,3694.0,3706.0,32411800.0,58536224.0,
2026-02-06,72030,3669.0,3793.0,3637.0,3780.0,0,0,42812900.0,159281084100.0,1.0,3669.0,3793.0,3637.0,3780.0,42812900.0,59705053.0,
2026-02-09,72030,3999.0,4000.0,3729.0,3729.0,0,0,40235900.0,155062086700.0,1.0,3999.0,4000.0,3729.0,3729.0,40235900.0,58899508.0,
2026-02-10,72030,3727.0,3759.0,3687.0,3714.0,0,0,27155000.0,101213922500.0,1.0,3727.0,3759.0,3687.0,3714.0,27155000.0,58662583.0,
2026-02-12,72030,3682.0,3707.0,3630.0,3705.0,0,0,27029000.0,99672936500.0,1.0,3682.0,3707.0,3630.0,3705.0,27029000.0,58520429.0,
2026-02-13,72030,3760.0,3787.0,3715.0,3774.0,0,0,32482400.0,122216021100.0,1.0,3760.0,3787.0,3715.0,3774.0,32482400.0,59610283.0,
2026-02-16,72030,3759.0,3760.0,3656.0,3666.0,0,0,18417600.0,67955475400.0,1.0,3759.0,3760.0,3656.0,3666.0,18417600.0,57904424.0,
2026-02-17,72030,3682.0,3724.0,3667.0,3713.0,0,0,13395200.0,49631809900.0,1.0,3682.0,3724.0,3667.0,3713.0,13395200.0,58646788.0,
2026-02-18,72030,3758.0,3769.0,3719.0,3730.0,0,0,15050800.0,56374027400.0,1.0,3758.0,3769.0,3719.0,3730.0,15050800.0,58915303.0,
2026-02-19,72030,3730.0,3786.0,3710.0,3774.0,0,0,15842100.0,59540260100.0,1.0,3730.0,3786.0,3710.0,3774.0,15842100.0,59610283.0,
2026-02-20,72030,3710.0,3715.0,3605.0,3635.0,0,0,24781700.0,90209402900.0,1.0,3710.0,3715.0,3605.0,3635.0,24781700.0,57414779.0,
2026-02-24,72030,3676.0,3682.0,3621.0,3656.0,0,0,20855600.0,76291788900.0,1.0,3676.0,3682.0,3621.0,3656.0,20855600.0,57746474.0,
2026-02-25,72030,3697.0,3753.0,3680.0,3720.0,0,0,24220000.0,89995046800.0,1.0,3697.0,3753.0,3680.0,3720.0,24220000.0,58757353.0,
2026-02-26,72030,3780.0,3821.0,3755.0,3776.0,0,0,24605000.0,93161867000.0,1.0,3780.0,3821.0,3755.0,3776.0,24605000.0,59641873.0,
2026-02-27,72030,3740.0,3825.0,3716.0,3825.0,0,0,28621000.0,108651167900.0,1.0,3740.0,3825.0,3716.0,3825.0,28621000.0,60415827.0,
2026-03-02,72030,3685.0,3957.0,3652.0,3944.0,0,0,44611800.0,169907079000.0,1.0,3685.0,3957.0,3652.0,3944.0,44611800.0,62295431.0,
2026-03-03,72030,3800.0,3801.0,3673.0,3702.0,0,0,50592000.0,188519794900.0,1.0,3800.0,3801.0,3673.0,3702.0,50592000.0,58473044.0,
2026-03-04,72030,3660.0,3669.0,3497.0,3520.0,0,0,34266800.0,121584980400.0,1.0,3660.0,3669.0,3497.0,3520.0,34266800.0,55598356.0,
2026-03-05,72030,3600.0,3635.0,3481.0,3481.0,0,0,31699400.0,112098470100.0,1.0,3600.0,3635.0,3481.0,3481.0,31699400.0,54982351.0,
2026-03-06,72030,3490.0,3543.0,3470.0,3515.0,0,0,20575900.0,72182793700.0,1.0,3490.0,3543.0,3470.0,3515.0,20575900.0,55519381.0,
2026-03-09,72030,3299.0,3423.0,3295.0,3393.0,0,0,28223800.0,94872034800.0,1.0,3299.0,3423.0,3295.0,3393.0,28223800.0,53592392.0,
2026-03-10,72030,3463.0,3517.0,3432.0,3473.0,0,0,22222100.0,77169730200.0,1.0,3463.0,3517.0,3432.0,3473.0,22222100.0,54855991.0,
2026-03-11,72030,3501.0,3569.0,3500.0,3510.0,0,0,15207900.0,53695328100.0,1.0,3501.0,3569.0,3500.0,3510.0,15207900.0,55440406.0,
2026-03-12,72030,3510.0,3511.0,3417.0,3467.0,0,0,19335000.0,66955227600.0,1.0,3510.0,3511.0,3417.0,3467.0,19335000.0,54761222.0,
2026-03-13,72030,3360.0,3432.0,3360.0,3370.0,0,0,22705700.0,76658640200.0,1.0,3360.0,3432.0,3360.0,3370.0,22705700.0,53229108.0,
2026-03-16,72030,3370.0,3380.0,3328.0,3338.0,0,0,18079900.0,60574134100.0,1.0,3370.0,3380.0,3328.0,3338.0,18079900.0,52723668.0,
2026-03-17,72030,3377.0,3394.0,3357.0,3379.0,0,0,11542500.0,38977305300.0,1.0,3377.0,3394.0,3357.0,3379.0,11542500.0,53371263.0,
2026-03-18,72030,3359.0,3424.0,3359.0,3404.0,0,0,15583800.0,53061680400.0,1.0,3359.0,3424.0,3359.0,3404.0,15583800.0,53766137.0,
2026-03-19,72030,3360.0,3374.0,3316.0,3325.0,0,0,23090100.0,77008470200.0,1.0,3360.0,3374.0,3316.0,3325.0,23090100.0,52518333.0,
2026-03-23,72030,3278.0,3280.0,3190.0,3251.0,0,0,22909400.0,74392647700.0,1.0,3278.0,3280.0,3190.0,3251.0,22909400.0,51349504.0,
2026-03-24,72030,3321.0,3336.0,3258.0,3271.0,0,0,16565700.0,54438228300.0,1.0,3321.0,3336.0,3258.0,3271.0,16565700.0,51665404.0,
2026-03-25,72030,3389.0,3420.0,3328.0,3338.0,0,0,18556700.0,62281497100.0,1.0,3389.0,3420.0,3328.0,3338.0,18556700.0,52723668.0,
2026-03-26,72030,3383.0,3388.0,3348.0,3388.0,0,0,16107200.0,54416616400.0,1.0,3383.0,3388.0,3348.0,3388.0,16107200.0,53513418.0,
2026-03-27,72030,3355.0,3434.0,3346.0,3408.0,0,0,28198100.0,95959203100.0,1.0,3355.0,3434.0,3346.0,3408.0,28198100.0,53829317.0,
2026-03-30,72030,3204.0,3237.0,3168.0,3224.0,0,0,30941700.0,99392978400.0,1.0,3204.0,3237.0,3168.0,3224.0,30941700.0,50923040.0,
2026-03-31,72030,3200.0,3252.0,3162.0,3162.0,0,0,26872400.0,85539518000.0,1.0,3200.0,3252.0,3162.0,3162.0,26872400.0,49943750.0,
2026-04-01,72030,3280.0,3311.0,3253.0,3311.0,0,0,25388600.0,83533137400.0,1.0,3280.0,3311.0,3253.0,3311.0,25388600.0,52297203.0,
2026-04-02,72030,3365.0,3384.0,3251.0,3262.0,0,0,21711400.0,71978470700.0,1.0,3365.0,3384.0,3251.0,3262.0,21711400.0,51523249.0,
2026-04-03,72030,3277.0,3316.0,3255.0,3255.0,0,0,11056900.0,36179498600.0,1.0,3277.0,3316.0,3255.0,3255.0,11056900.0,51412684.0,
2026-04-06,72030,3255.0,3297.0,3244.0,3247.0,0,0,11430400.0,37267948800.0,1.0,3255.0,3297.0,3244.0,3247.0,11430400.0,51286324.0,
2026-04-07,72030,3235.0,3264.0,3224.0,3252.0,0,0,14215500.0,46182445900.0,1.0,3235.0,3264.0,3224.0,3252.0,14215500.0,51365299.0,
2026-04-08,72030,3392.0,3418.0,3333.0,3384.0,0,0,27222600.0,92174508000.0,1.0,3392.0,3418.0,3333.0,3384.0,27222600.0,53450238.0,
2026-04-09,72030,3398.0,3399.0,3318.0,3331.0,0,0,20191400.0,67492978200.0,1.0,3398.0,3399.0,3318.0,3331.0,20191400.0,52613103.0,
2026-04-10,72030,3345.0,3363.0,3295.0,3319.0,0,0,16930900.0,56320849600.0,1.0,3345.0,3363.0,3295.0,3319.0,16930900.0,52423563.0,
2026-04-13,72030,3295.0,3337.0,3280.0,3319.0,0,0,14353200.0,47610923400.0,1.0,3295.0,3337.0,3280.0,3319.0,14353200.0,52423563.0,
2026-04-14,72030,3355.0,3355.0,3288.0,3326.0,0,0,15920200.0,52984031700.0,1.0,3355.0,3355.0,3288.0,3326.0,15920200.0,52534128.0,
2026-04-15,72030,3355.0,3386.0,3344.0,3381.0,0,0,20317000.0,68530819900.0,1.0,3355.0,3386.0,3344.0,3381.0,20317000.0,53402853.0,
2026-04-16,72030,3416.0,3468.0,3392.0,3392.0,0,0,20154600.0,68960266800.0,1.0,3416.0,3468.0,3392.0,3392.0,20154600.0,53576597.0,
2026-04-17,72030,3400.0,3400.0,3343.0,3343.0,0,0,14251500.0,47834371500.0,1.0,3400.0,3400.0,3343.0,3343.0,14251500.0,52802643.0,
2026-04-20,72030,3413.0,3413.0,3380.0,3390.0,0,0,14589600.0,49506372600.0,1.0,3413.0,3413.0,3380.0,3390.0,14589600.0,53545007.0,
2026-04-21,72030,3345.0,3356.0,3280.0,3280.0,0,0,19345300.0,63932791100.0,1.0,3345.0,3356.0,3280.0,3280.0,19345300.0,51807559.0,
2026-04-22,72030,3220.0,3235.0,3191.0,3191.0,0,0,20463800.0,65505667100.0,1.0,3220.0,3235.0,3191.0,3191.0,20463800.0,50401805.0,
2026-04-23,72030,3191.0,3205.0,3111.0,3123.0,0,0,23206300.0,73008162600.0,1.0,3191.0,3205.0,3111.0,3123.0,23206300.0,49327746.0,
2026-04-24,72030,3122.0,3133.0,3062.0,3067.0,0,0,22659400.0,69738726100.0,1.0,3122.0,3133.0,3062.0,3067.0,22659400.0,48443227.0,
2026-04-27,72030,3065.0,3101.0,3057.0,3067.0,0,0,19390900.0,59574818400.0,1.0,3065.0,3101.0,3057.0,3067.0,19390900.0,48443227.0,
2026-04-28,72030,3131.0,3135.0,3079.0,3112.0,0,0,21920800.0,68171204400.0,1.0,3131.0,3135.0,3079.0,3112.0,21920800.0,49154001.0,
2026-04-30,72030,3062.0,3071.0,2997.0,3023.0,0,0,32130400.0,97031717250.0,1.0,3062.0,3071.0,2997.0,3023.0,32130400.0,47748247.0,
2026-05-01,72030,3000.0,3022.0,2971.0,3000.0,0,0,21904100.0,65695531450.0,1.0,3000.0,3022.0,2971.0,3000.0,21904100.0,47384962.0,
2026-05-07,72030,3017.0,3047.0,2978.0,2978.0,0,0,37816000.0,113497581300.0,1.0,3017.0,3047.0,2978.0,2978.0,37816000.0,47037473.0,
2026-05-08,72030,3020.0,3088.0,2874.0,2913.0,0,0,75083900.0,222403035700.0,1.0,3020.0,3088.0,2874.0,2913.0,75083900.0,46010798.0,
2026-05-11,72030,2800.0,2888.0,2798.0,2870.0,0,0,43038000.0,122750668250.0,1.0,2800.0,2888.0,2798.0,2870.0,43038000.0,45331614.0,
2026-05-12,72030,2831.0,2886.5,2820.0,2843.0,0,0,29055900.0,82643580750.0,1.0,2831.0,2886.5,2820.0,2843.0,29055900.0,44905149.0,
2026-05-13,72030,2884.5,2945.0,2879.0,2939.5,0,0,29534100.0,86249320450.0,1.0,2884.5,2945.0,2879.0,2939.5,29534100.0,46429366.0,
2026-05-14,72030,2944.0,3010.0,2943.0,3008.0,0,0,31564100.0,94295911950.0,1.0,2944.0,3010.0,2943.0,3008.0,31564100.0,47511322.0,
2026-05-15,72030,3017.0,3086.0,2987.5,3085.0,0,0,43178700.0,132363362250.0,1.0,3017.0,3086.0,2987.5,3085.0,43178700.0,48727536.0,
2026-05-18,72030,2990.0,3013.0,2940.0,2954.5,0,0,30946400.0,91724835950.0,1.0,2990.0,3013.0,2940.0,2954.5,30946400.0,46666290.0,
2026-05-19,72030,2955.0,2979.0,2931.0,2957.0,0,0,23002200.0,67847997700.0,1.0,2955.0,2979.0,2931.0,2957.0,23002200.0,46705778.0,
2026-05-20,72030,3003.0,3027.0,2942.0,2942.0,0,0,26030500.0,77162995450.0,1.0,3003.0,3027.0,2942.0,2942.0,26030500.0,46468853.0,
2026-05-21,72030,2964.5,3027.0,2961.0,2978.0,0,0,21798100.0,65287653400.0,1.0,2964.5,3027.0,2961.0,2978.0,21798100.0,47037473.0,
2026-05-22,72030,3020.0,3022.0,2975.5,2987.0,0,0,16498800.0,49471234600.0,1.0,3020.0,3022.0,2975.5,2987.0,16498800.0,47179628.0,
2026-05-25,72030,3051.0,3108.0,3006.0,3026.0,0,0,22249700.0,67865587700.0,1.0,3051.0,3108.0,3006.0,3026.0,22249700.0,47795632.0,
2026-05-26,72030,3028.0,3030.0,2989.0,3022.0,0,0,16349400.0,49330888700.0,1.0,3028.0,3030.0,2989.0,3022.0,16349400.0,47732452.0,
2026-05-27,72030,3016.0,3039.0,2998.5,3008.0,0,0,17980500.0,54127935550.0,1.0,3016.0,3039.0,2998.5,3008.0,17980500.0,47511322.0,
2026-05-28,72030,3039.0,3072.0,3023.0,3030.0,0,0,25312200.0,76915638600.0,1.0,3039.0,3072.0,3023.0,3030.0,25312200.0,47858812.0,
2026-05-29,72030,3022.0,3082.0,3022.0,3042.0,0,0,39820000.0,121401287800.0,1.0,3022.0,3082.0,3022.0,3042.0,39820000.0,48048352.0,
2026-06-01,72030,3006.0,3009.0,2891.0,2905.5,0,0,37687200.0,109849459050.0,1.0,3006.0,3009.0,2891.0,2905.5,37687200.0,45892336.0,
2026-06-02,72030,2849.5,2863.5,2805.0,2844.0,0,0,37933000.0,107867384000.0,1.0,2849.5,2863.5,2805.0,2844.0,37933000.0,44920944.0,
2026-06-03,72030,2840.0,2920.0,2833.0,2881.0,0,0,27875500.0,80432470400.0,1.0,2840.0,2920.0,2833.0,2881.0,27875500.0,45505359.0,
2026-06-04,72030,2875.0,2879.5,2835.0,2838.5,0,0,19751600.0,56356992200.0,1.0,2875.0,2879.5,2835.0,2838.5,19751600.0,44834072.0,
2026-06-05,72030,2872.0,2885.5,2837.0,2850.0,0,0,18955400.0,54063339300.0,1.0,2872.0,2885.5,2837.0,2850.0,18955400.0,45015714.0,
2026-06-08,72030,2817.0,2862.0,2795.5,2822.5,0,0,30734900.0,86718216750.0,1.0,2817.0,2862.0,2795.5,2822.5,30734900.0,44581352.0,
2026-06-09,72030,2850.0,2873.0,2821.5,2830.0,0,0,22825800.0,64749154750.0,1.0,2850.0,2873.0,2821.5,2830.0,22825800.0,44699815.0,
2026-06-10,72030,2837.0,2840.5,2787.5,2814.0,0,0,25839700.0,72618127850.0,1.0,2837.0,2840.5,2787.5,2814.0,25839700.0,44447095.0,
2026-06-11,72030,2768.0,2782.5,2718.5,2747.5,0,0,27541100.0,75648334100.0,1.0,2768.0,2782.5,2718.5,2747.5,27541100.0,43396728.0,
2026-06-12,72030,2792.0,2798.5,2756.5,2775.5,0,0,29442600.0,81886097550.0,1.0,2792.0,2798.5,2756.5,2775.5,29442600.0,43838988.0,
2026-06-15,72030,2836.5,2934.5,2830.0,2902.5,0,0,29688600.0,86171559700.0,1.0,2836.5,2934.5,2830.0,2902.5,29688600.0,45844951.0,
2026-06-16,72030,2867.0,2894.0,2826.5,2847.5,0,0,20615100.0,58766201100.0,1.0,2867.0,2894.0,2826.5,2847.5,20615100.0,44976227.0,
2026-06-17,72030,2862.5,2863.5,2803.5,2810.0,0,0,26726100.0,75352939850.0,1.0,2862.5,2863.5,2803.5,2810.0,26726100.0,44383915.0,
2026-06-18,72030,2800.0,2807.0,2774.5,2793.5,0,0,27620900.0,77053584150.0,1.0,2800.0,2807.0,2774.5,2793.5,27620900.0,44123297.0,
2026-06-19,72030,2785.0,2793.0,2755.0,2776.5,0,0,28789700.0,79814253150.0,1.0,2785.0,2793.0,2755.0,2776.5,28789700.0,43854783.0,
2026-06-22,72030,2770.0,2802.0,2741.5,2741.5,0,0,22063700.0,60875291900.0,1.0,2770.0,2802.0,2741.5,2741.5,22063700.0,43301958.0,
2026-06-23,72030,2745.0,2748.0,2706.0,2706.0,0,0,22693000.0,61849278650.0,1.0,2745.0,2748.0,2706.0,2706.0,22693000.0,42741236.0,
2026-06-24,72030,2731.0,2731.0,2686.0,2686.0,0,0,25725300.0,69413696650.0,1.0,2731.0,2731.0,2686.0,2686.0,25725300.0,42425336.0,
2026-06-25,72030,2700.0,2713.5,2689.0,2700.5,0,0,20706600.0,55932421000.0,1.0,2700.0,2713.5,2689.0,2700.5,20706600.0,42654364.0,
2026-06-26,72030,2714.0,2768.0,2696.5,2768.0,0,0,32537200.0,89243951000.0,1.0,2714.0,2768.0,2696.5,2768.0,32537200.0,43720525.0,
